{
  "train_loss": [
    0.0485134704073817,
    0.0002643079670698878,
    0.025879950522328384,
    0.012658984081244417,
    0.010046811021998746,
    0.002476197642084226,
    4.522964685912878e-05,
    0.011111934471508472,
    0.0739751451165072,
    0.022415410498434013,
    0.018286713947610018,
    0.003560585606919081,
    0.0007491675549653447,
    0.002374712415508593,
    0.000512501906716513,
    0.003900643549127538
  ],
  "val_loss": [
    0.00015145669912255063,
    0.0038299372521548632,
    0.0071948099297931365,
    0.0022163124048796825,
    5.582705936400059e-05,
    0.003390353397040053,
    0.0013609843434816496,
    0.017850681450285483,
    0.01354739375815732,
    0.008386299865240686,
    0.006500591114764262,
    0.006485553412337791,
    0.0006908295011282051,
    0.004672432475749099,
    0.014747303869035026,
    0.004574311794815025
  ],
  "train_acc": [
    0.988062327217894,
    1.0,
    0.9971098265895953,
    0.9992460417190249,
    0.9986177431515456,
    0.9993717014325207,
    1.0,
    0.9983664237245539,
    0.9964815280221161,
    0.9984920834380497,
    0.9986177431515456,
    0.9992460417190249,
    0.9997486805730083,
    0.9996230208595125,
    0.9998743402865041,
    0.9992460417190249
  ],
  "val_acc": [
    1.0,
    0.998869204673954,
    0.9996230682246513,
    0.9996230682246513,
    1.0,
    0.9992461364493027,
    0.9992461364493027,
    0.9996230682246513,
    0.9992461364493027,
    0.998869204673954,
    0.9984922728986053,
    0.9992461364493027,
    0.9996230682246513,
    0.9992461364493027,
    0.9992461364493027,
    0.9996230682246513
  ],
  "train_f1": [
    0.9880623115706758,
    1.0,
    0.9971098228926243,
    0.9992460417190249,
    0.9986177408157052,
    0.9993716980090391,
    1.0,
    0.9983664241114768,
    0.9964815280221161,
    0.9984920766736997,
    0.9986177412087586,
    0.9992460417190249,
    0.9997486805730083,
    0.9996230205916352,
    0.9998743399907528,
    0.9992460417190249
  ],
  "val_f1": [
    1.0,
    0.9988700761003952,
    0.9996229709110422,
    0.9996231652937101,
    1.0,
    0.9992465242374153,
    0.9992465242374153,
    0.9996229709110422,
    0.9992465242374153,
    0.9988694958811302,
    0.9984938201538737,
    0.9992465242374153,
    0.9996231652937101,
    0.9992465242374153,
    0.9992465242374153,
    0.9996231652937101
  ],
  "train_auc": [
    0.9987072951646035,
    1.0,
    0.9997040902627977,
    0.9998225794746369,
    0.9999614015032061,
    0.9999972203454289,
    1.0,
    0.9999431228804117,
    0.9991270542688584,
    0.9997927978831329,
    0.9996581284046213,
    0.9999924817806378,
    0.9999997473522515,
    0.9999930520276172,
    0.9999998736333845,
    0.9999981682271161
  ],
  "val_auc": [
    1.0,
    1.0,
    0.9992343032159265,
    0.999999234303216,
    1.0,
    1.0,
    1.0,
    0.9992343032159265,
    0.9999977029096477,
    0.9999984686064319,
    0.9999992343032159,
    0.9999984686064319,
    1.0,
    0.9999969372128636,
    0.9999984686064318,
    1.0
  ],
  "learning_rate": [
    0.001,
    0.001,
    0.001,
    0.001,
    0.001,
    0.001,
    0.001,
    0.001,
    0.001,
    0.001,
    0.001,
    0.001,
    0.001,
    0.001,
    0.001,
    0.0001
  ]
}